,name,company,year,Price,fuel_type,miles_driven
0,Hyundai Santro Xing,Hyundai,2007,975,Petrol,27961
1,Mahindra Jeep CL550,Mahindra,2006,5182,Diesel,24
2,Hyundai Grand i10,Hyundai,2014,3963,Petrol,17398
3,Ford EcoSport Titanium,Ford,2014,7012,Diesel,22369
4,Ford Figo,Ford,2012,2134,Diesel,25476
5,Hyundai Eon,Hyundai,2013,2317,Petrol,15534
6,Ford EcoSport Ambiente,Ford,2016,10121,Diesel,15242
7,Maruti Suzuki Alto,Maruti,2015,3048,Petrol,37282
8,Skoda Fabia Classic,Skoda,2010,2219,Petrol,37282
9,Maruti Suzuki Stingray,Maruti,2015,3841,Petrol,18641
10,Hyundai Elite i20,Hyundai,2014,5060,Petrol,19883
11,Mahindra Scorpio SLE,Mahindra,2015,3902,Diesel,30235
12,Hyundai Santro Xing,Hyundai,2007,975,Petrol,27961
13,Mahindra Jeep CL550,Mahindra,2006,5182,Diesel,24
14,Audi A8,Audi,2017,12195,Petrol,2485
15,Audi Q7,Audi,2014,6097,Diesel,10522
16,Mahindra Scorpio S10,Mahindra,2016,4268,Diesel,26718
17,Maruti Suzuki Alto,Maruti,2014,1951,Petrol,22089
18,Mahindra Scorpio S10,Mahindra,2016,4268,Diesel,26718
19,Mahindra Scorpio S10,Mahindra,2016,3780,Diesel,24557
20,Maruti Suzuki Alto,Maruti,2015,914,Petrol,24233
21,Hyundai i20 Sportz,Hyundai,2012,1219,Petrol,34175
22,Hyundai i20 Sportz,Hyundai,2012,1219,Petrol,34175
23,Hyundai i20 Sportz,Hyundai,2012,1219,Petrol,34175
24,Maruti Suzuki Alto,Maruti,2017,2317,Petrol,44738
25,Maruti Suzuki Vitara,Maruti,2016,3536,Diesel,9926
26,Maruti Suzuki Alto,Maruti,2008,1158,Petrol,43495
27,Mahindra Bolero DI,Mahindra,2017,2195,Diesel,14572
28,Maruti Suzuki Swift,Maruti,2014,4695,Diesel,22072
29,Mahindra Scorpio S10,Mahindra,2015,3048,Diesel,30141
30,Maruti Suzuki Swift,Maruti,2017,2195,Petrol,9623
31,Maruti Suzuki Wagon,Maruti,2013,1280,Petrol,24233
32,Maruti Suzuki Wagon,Maruti,2013,1280,Petrol,24233
33,Toyota Innova 2.0,Toyota,2012,7926,Diesel,50952
34,Renault Lodgy 85,Renault,2018,8414,Diesel,12427
35,Skoda Yeti Ambition,Skoda,2012,5463,Diesel,42253
36,Maruti Suzuki Baleno,Maruti,2017,6695,Diesel,19883
37,Renault Duster 110,Renault,2012,6109,Diesel,23612
38,Renault Duster 85,Renault,2013,5975,Diesel,16777
39,Honda City 1.5,Honda,2011,3414,Petrol,20505
40,Maruti Suzuki Alto,Maruti,2015,3048,Petrol,37282
41,Maruti Suzuki Dzire,Maruti,2013,4268,Diesel,28583
42,Honda Amaze,Honda,2013,3475,Diesel,28583
43,Honda Amaze 1.5,Honda,2015,4207,Diesel,22369
44,Honda City,Honda,2015,6097,Petrol,34175
45,Datsun Redi GO,Datsun,2017,2865,Petrol,9941
46,Maruti Suzuki SX4,Maruti,2010,3048,Petrol,22369
47,Mitsubishi Pajero Sport,Mitsubishi,2015,17987,Diesel,29204
48,Mahindra Bolero DI,Mahindra,2017,2195,Diesel,14572
49,Maruti Suzuki Swift,Maruti,2014,4695,Diesel,22072
50,Mahindra Scorpio S10,Mahindra,2015,3048,Diesel,30141
51,Maruti Suzuki Swift,Maruti,2017,2195,Petrol,9623
52,Maruti Suzuki Wagon,Maruti,2013,1280,Petrol,24233
53,Maruti Suzuki Wagon,Maruti,2013,1280,Petrol,24233
54,Mahindra Scorpio S10,Mahindra,2015,4817,Diesel,21747
55,Maruti Suzuki Swift,Maruti,2017,2682,Petrol,19184
56,Honda City ZX,Honda,2017,2073,Diesel,9320
57,Maruti Suzuki Wagon,Maruti,2013,1036,Petrol,18445
58,Ford Figo,Ford,2012,2134,Diesel,25476
59,Hyundai Eon,Hyundai,2013,2317,Petrol,15534
60,Tata Indigo eCS,Tata,2017,2439,Diesel,80778
61,Ford EcoSport Ambiente,Ford,2016,10121,Diesel,15242
62,Tata Indigo eCS,Tata,2017,2439,Diesel,80778
63,Mahindra Scorpio SLE,Mahindra,2012,6951,Diesel,11806
64,Volkswagen Polo Highline,Volkswagen,2014,3841,Petrol,37282
65,Skoda Fabia Classic,Skoda,2010,2219,Petrol,37282
66,Maruti Suzuki Stingray,Maruti,2015,3841,Petrol,18641
67,Chevrolet Spark LS,Chevrolet,2010,1341,Petrol,25476
68,Renault Duster 110PS,Renault,2012,6109,Diesel,21747
69,Honda City,Honda,2015,5475,Petrol,33554
70,Mini Cooper S,Mini,2013,23062,Petrol,8077
71,Datsun Redi GO,Datsun,2017,2865,Petrol,9941
72,Skoda Fabia 1.2L,Skoda,2011,1945,Diesel,23736
73,Honda Amaze,Honda,2015,4207,Petrol,13670
74,Honda Amaze,Honda,2015,4207,Petrol,13670
75,Renault Duster,Renault,2014,5487,Diesel,31068
76,Mini Cooper S,Mini,2013,23062,Petrol,8388
77,Mahindra Scorpio S4,Mahindra,2015,10548,Diesel,18641
78,Mahindra Scorpio VLX,Mahindra,2014,8524,Diesel,31068
79,Mahindra Quanto C8,Mahindra,2013,4573,Diesel,12427
80,Ford EcoSport,Ford,2017,5975,Petrol,24233
81,Honda Brio,Honda,2012,2743,Petrol,18641
82,Volkswagen Vento Highline,Volkswagen,2019,14634,Diesel,2236
83,Hyundai i20 Magna,Hyundai,2009,2378,Petrol,19883
84,Toyota Corolla Altis,Toyota,2010,4280,Diesel,23612
85,Hyundai Verna Transform,Hyundai,2008,1951,Petrol,27961
86,Toyota Corolla Altis,Toyota,2009,2926,Petrol,21747
87,Honda City 1.5,Honda,2005,1097,Petrol,31068
88,Hyundai Elite i20,Hyundai,2014,5060,Petrol,19883
89,Skoda Fabia 1.2L,Skoda,2011,1890,Diesel,28497
90,BMW 3 Series,BMW,2011,7317,Petrol,37592
91,Maruti Suzuki A,Maruti,2011,2310,Petrol,7767
92,Toyota Etios GD,Toyota,2013,4268,Diesel,37282
93,Ford Figo Diesel,Ford,2012,2560,Diesel,21747
94,Maruti Suzuki Swift,Maruti,2014,4756,Petrol,21747
95,Chevrolet Beat LT,Chevrolet,2012,1646,Diesel,27961
96,BMW 7 Series,BMW,2009,19512,Petrol,21747
97,Mahindra XUV500 W8,Mahindra,2013,8548,Diesel,23612
98,Hyundai i10 Magna,Hyundai,2014,3231,Petrol,11184
99,Hyundai Verna Fluidic,Hyundai,2015,6402,Diesel,21747
100,Maruti Suzuki Swift,Maruti,2013,4536,Petrol,8294
101,Maruti Suzuki Ertiga,Maruti,2016,7743,Petrol,18019
102,Ford EcoSport Titanium,Ford,2014,6707,Diesel,27340
103,Maruti Suzuki Ertiga,Maruti,2016,7012,Petrol,18019
104,Maruti Suzuki Ertiga,Maruti,2013,5914,Diesel,26097
105,Maruti Suzuki Alto,Maruti,2012,1890,Petrol,8699
106,Hyundai Grand i10,Hyundai,2014,4207,Diesel,30447
107,Honda Amaze 1.2,Honda,2014,3963,Petrol,26097
108,Hyundai i20 Asta,Hyundai,2012,4018,Diesel,22493
109,Ford Figo Diesel,Ford,2014,2378,Diesel,31068
110,Maruti Suzuki Eeco,Maruti,2015,3062,Petrol,34175
111,Maruti Suzuki Ertiga,Maruti,2014,6951,Petrol,27961
112,Maruti Suzuki Esteem,Maruti,2007,853,Petrol,31689
113,Maruti Suzuki Ritz,Maruti,2014,3658,Petrol,11806
114,Maruti Suzuki Dzire,Maruti,2009,2682,Petrol,28583
115,Maruti Suzuki Ritz,Maruti,2013,4878,Diesel,20505
116,Maruti Suzuki Swift,Maruti,2013,4536,Petrol,8294
117,Maruti Suzuki Dzire,Maruti,2015,5487,Diesel,64622
118,Toyota Etios Liva,Toyota,2014,3292,Petrol,34175
119,Hyundai i20 Sportz,Hyundai,2011,4268,Diesel,20712
120,Chevrolet Spark,Chevrolet,2012,1931,Petrol,20878
121,Maruti Suzuki Alto,Maruti,2017,4268,Petrol,3479
122,Nissan Micra XV,Nissan,2011,2182,Petrol,25476
123,Maruti Suzuki Swift,Maruti,2007,1524,Petrol,43495
124,Maruti Suzuki Alto,Maruti,2018,2439,Petrol,4660
125,Honda Amaze 1.5,Honda,2013,3646,Diesel,27961
126,Maruti Suzuki Alto,Maruti,2015,2682,Petrol,23612
127,Chevrolet Beat,Chevrolet,2015,1829,Petrol,18641
128,Honda City 1.5,Honda,2010,3475,Petrol,21747
129,Ford EcoSport Trend,Ford,2016,10121,Diesel,15117
130,Hyundai i20 Asta,Hyundai,2009,2560,Petrol,40687
131,Maruti Suzuki Swift,Maruti,2013,4146,Petrol,25476
132,Tata Indica V2,Tata,2006,1097,Petrol,12427
133,Hindustan Motors Ambassador,Hindustan,2000,853,Diesel,124274
134,Toyota Corolla Altis,Toyota,2010,3536,Petrol,43495
135,Toyota Corolla Altis,Toyota,2012,4268,Petrol,36660
136,Toyota Innova 2.5,Toyota,2012,10365,Diesel,61515
137,Volkswagen Jetta Highline,Volkswagen,2014,9146,Diesel,28583
138,Volkswagen Polo Comfortline,Volkswagen,2015,4878,Petrol,1739
139,Volkswagen Polo,Volkswagen,2014,3353,Petrol,19883
140,Mahindra Scorpio,Mahindra,2015,12012,Diesel,13670
141,Renault Duster,Renault,2014,5487,Diesel,31068
142,Honda Amaze,Honda,2015,4207,Petrol,13670
143,Nissan Sunny,Nissan,2012,2743,Petrol,27961
144,Hyundai Elite i20,Hyundai,2018,7317,Petrol,13048
145,Renault Kwid,Renault,2016,2987,Petrol,6835
146,Renault Duster,Renault,2013,4878,Diesel,25476
147,Ford EcoSport,Ford,2017,5975,Petrol,24233
148,Renault Duster,Renault,2014,5792,Diesel,31068
149,Mahindra Scorpio VLX,Mahindra,2011,6097,Diesel,41010
150,Maruti Suzuki Alto,Maruti,2018,3780,Petrol,1864
151,Chevrolet Spark LT,Chevrolet,2010,1036,Petrol,27961
152,Datsun Redi GO,Datsun,2016,2987,Petrol,4349
153,Maruti Suzuki Swift,Maruti,2010,2310,Diesel,23922
154,Fiat Punto Emotion,Fiat,2012,2067,Diesel,23115
155,Maruti Suzuki Swift,Maruti,2010,1945,Diesel,26843
156,Toyota Etios GD,Toyota,2013,3353,Petrol,15410
157,Hyundai i20 Sportz,Hyundai,2014,4512,Diesel,37282
158,Hyundai i10 Sportz,Hyundai,2010,2048,Petrol,28503
159,Chevrolet Beat LT,Chevrolet,2011,1829,Diesel,24854
160,Chevrolet Beat LS,Chevrolet,2011,1768,Diesel,27961
161,Chevrolet Beat LT,Chevrolet,2012,1201,Diesel,23612
162,Mahindra Scorpio VLX,Mahindra,2014,8524,Diesel,31068
163,Tata Indigo CS,Tata,2011,1036,Diesel,7083
164,Toyota Corolla Altis,Toyota,2015,7012,Petrol,26097
165,Honda City 1.5,Honda,2014,6695,Petrol,24233
166,Maruti Suzuki Swift,Maruti,2011,2548,Diesel,29204
167,Hyundai Eon Era,Hyundai,2013,2256,Petrol,16777
168,Mahindra Scorpio S10,Mahindra,2015,10975,Diesel,60397
169,Mahindra XUV500,Mahindra,2014,8536,Diesel,32311
170,Honda Brio,Honda,2012,2743,Petrol,18641
171,Ford Fiesta,Ford,2011,3353,Diesel,34175
172,Honda Amaze,Honda,2013,3475,Diesel,28583
173,Honda City,Honda,2015,7317,Diesel,18641
174,Maruti Suzuki Wagon,Maruti,2012,2439,Petrol,27340
175,Honda City,Honda,2014,6646,Diesel,27961
176,Hyundai i20,Hyundai,2009,2426,Petrol,19262
177,Tata Indigo eCS,Tata,2016,3902,Diesel,109007
178,Hyundai Fluidic Verna,Hyundai,2015,6585,Diesel,23612
179,Mahindra Quanto C8,Mahindra,2013,4146,Diesel,22990
180,Fiat Petra ELX,Fiat,2008,914,Petrol,40389
181,Skoda Fabia 1.2L,Skoda,2011,1945,Diesel,23736
182,Mini Cooper S,Mini,2013,23062,Petrol,8077
183,Hyundai Santro Xing,Hyundai,2005,597,Petrol,4660
184,Maruti Suzuki Ciaz,Maruti,2016,8536,Petrol,2081
185,Maruti Suzuki Zen,Maruti,2000,670,Petrol,37282
186,Honda City,Honda,2015,5475,Petrol,33554
187,Hyundai Creta 1.6,Hyundai,2017,10914,Petrol,19883
188,Mahindra Scorpio SLX,Mahindra,2007,4329,Diesel,46602
189,Mahindra Scorpio SLE,Mahindra,2012,6890,Diesel,38525
190,Toyota Innova 2.5,Toyota,2006,4451,Diesel,45360
191,Maruti Suzuki Alto,Maruti,2011,1768,Petrol,25476
192,Maruti Suzuki Wagon,Maruti,2011,2560,Petrol,21747
193,Tata Nano Cx,Tata,2013,487,Petrol,1367
194,Maruti Suzuki Alto,Maruti,2013,1524,Petrol,24233
195,Maruti Suzuki Wagon,Maruti,2009,1646,Petrol,27961
196,Maruti Suzuki Swift,Maruti,2006,1646,Petrol,27961
197,Tata Sumo Victa,Tata,2012,3475,Diesel,40389
198,Maruti Suzuki Wagon,Maruti,2010,1768,Petrol,34094
199,Maruti Suzuki Alto,Maruti,2010,1646,Petrol,21487
200,Volkswagen Passat Diesel,Volkswagen,2009,5487,Diesel,60272
201,Renault Scala RxL,Renault,2015,4573,Diesel,15534
202,Mahindra Quanto C8,Mahindra,2013,4573,Diesel,12427
203,Hyundai Grand i10,Hyundai,2014,4451,Petrol,12427
204,Hyundai i20 Active,Hyundai,2015,6097,Petrol,11184
205,Mahindra Xylo E4,Mahindra,2012,4878,Diesel,21747
206,Mahindra Jeep MM,Mahindra,2019,4756,Diesel,37
207,Renault Duster 110PS,Renault,2012,6109,Diesel,21747
208,Mahindra Bolero SLE,Mahindra,2013,4024,Diesel,49833
209,Force Motors Force,Force,2015,7073,Diesel,1988
210,Maruti Suzuki SX4,Maruti,2012,3231,Diesel,28583
211,Mahindra Jeep CL550,Mahindra,2019,4621,Diesel,0
212,Maruti Suzuki Alto,Maruti,2015,2670,Petrol,3106
213,Mahindra Jeep CL550,Mahindra,2018,4695,Diesel,365
214,Toyota Etios,Toyota,2011,3353,Diesel,22369
215,Volkswagen Polo,Volkswagen,2015,4024,Diesel,23612
216,Honda City ZX,Honda,2008,1341,Petrol,27961
217,Maruti Suzuki Wagon,Maruti,2006,975,Petrol,44241
218,Honda City VX,Honda,2016,6329,Diesel,32311
219,Mahindra Thar CRDe,Mahindra,2016,8902,Diesel,18019
220,Mitsubishi Pajero Sport,Mitsubishi,2015,17987,Diesel,29204
221,Audi A4 1.8,Audi,2009,8524,Petrol,29204
222,Mercedes Benz GLA,Mercedes,2015,24390,Diesel,12427
223,Land Rover Freelander,Land,2015,25609,Diesel,18641
224,Renault Kwid RXT,Renault,2017,4146,Petrol,3106
225,Tata Aria Pleasure,Tata,2014,4756,Diesel,21747
226,Mercedes Benz B,Mercedes,2014,17073,Petrol,19262
227,Datsun GO T,Datsun,2016,2987,Petrol,4349
228,Tata Indigo eCS,Tata,2016,3902,Diesel,109007
229,Tata Indigo eCS,Tata,2016,3902,Diesel,108988
230,Honda Jazz VX,Honda,2016,5487,Petrol,25476
231,Honda Amaze 1.2,Honda,2014,3792,Petrol,20505
232,Honda Amaze,Honda,2013,3475,Diesel,28583
233,Honda City,Honda,2012,4878,Petrol,27961
234,Honda City,Honda,2015,7317,Diesel,24233
235,Honda Amaze,Honda,2015,4207,Petrol,13670
236,Audi A4 1.8,Audi,2009,8524,Petrol,29204
237,Force Motors Force,Force,2015,7073,Diesel,1988
238,Mahindra Scorpio S4,Mahindra,2015,10426,Diesel,18641
239,Hyundai i20 Active,Hyundai,2015,6524,Diesel,22990
240,Mini Cooper S,Mini,2013,23062,Petrol,8077
241,Maruti Suzuki Ciaz,Maruti,2017,8524,Petrol,8699
242,Chevrolet Tavera Neo,Chevrolet,2013,4573,Diesel,34175
243,Honda Amaze,Honda,2013,3475,Diesel,28583
244,Hyundai Eon Sportz,Hyundai,2012,2170,Petrol,18641
245,Tata Sumo Gold,Tata,2013,3658,Diesel,31068
246,Maruti Suzuki Wagon,Maruti,2003,1097,Petrol,27961
247,Maruti Suzuki Esteem,Maruti,2006,1158,Petrol,27961
248,Maruti Suzuki Eeco,Maruti,2015,3109,Petrol,5778
249,Chevrolet Enjoy 1.4,Chevrolet,2013,2987,Diesel,34175
250,Hyundai i20 Asta,Hyundai,2012,4018,Diesel,22493
251,Ford Figo Diesel,Ford,2014,2378,Diesel,31068
252,Maruti Suzuki Eeco,Maruti,2015,3062,Petrol,34175
253,Maruti Suzuki Ertiga,Maruti,2014,6951,Petrol,27961
254,Maruti Suzuki Esteem,Maruti,2007,853,Petrol,31689
255,Maruti Suzuki Ritz,Maruti,2014,3658,Petrol,11806
256,Maruti Suzuki Dzire,Maruti,2009,2682,Petrol,28583
257,Maruti Suzuki Ritz,Maruti,2013,4878,Diesel,20505
258,Maruti Suzuki SX4,Maruti,2010,3048,Petrol,22369
259,Maruti Suzuki Wagon,Maruti,2015,3536,Petrol,13670
260,Mini Cooper S,Mini,2013,23062,Petrol,8388
261,Nissan Terrano XL,Nissan,2015,6097,Diesel,37282
262,Renault Duster 85,Renault,2013,5975,Diesel,16777
263,Renault Duster 85,Renault,2014,5975,Diesel,36660
264,Renault Duster 85,Renault,2015,6707,Diesel,11806
265,Maruti Suzuki Dzire,Maruti,2013,4634,Petrol,18641
266,Renault Kwid RXT,Renault,2018,3963,Petrol,9320
267,Maruti Suzuki Maruti,Maruti,2003,695,Petrol,35267
268,Renault Kwid 1.0,Renault,2018,4268,Petrol,6213
269,Renault Lodgy 85,Renault,2018,8414,Diesel,12427
270,Renault Scala RxL,Renault,2014,4268,Diesel,30447
271,Hyundai Grand i10,Hyundai,2014,5000,Petrol,25476
272,Maruti Suzuki Swift,Maruti,2011,2743,Petrol,27961
273,Chevrolet Beat LS,Chevrolet,2010,1463,Petrol,26718
274,Tata Indigo eCS,Tata,2016,3902,Diesel,109007
275,Hyundai Santro Xing,Hyundai,2000,719,Petrol,35076
276,Hyundai Fluidic Verna,Hyundai,2015,6585,Diesel,23612
277,Chevrolet Beat LS,Chevrolet,2010,975,Petrol,34796
278,Mahindra Quanto C8,Mahindra,2013,4146,Diesel,22990
279,Fiat Petra ELX,Fiat,2008,914,Petrol,40389
280,Chevrolet Beat LS,Chevrolet,2015,2682,Petrol,20318
281,Skoda Fabia 1.2L,Skoda,2011,1945,Diesel,23736
282,Ford EcoSport Titanium,Ford,2016,7304,Diesel,18641
283,Hyundai Accent GLX,Hyundai,2006,975,Petrol,34796
284,Mahindra TUV300 T4,Mahindra,2016,8231,Diesel,5592
285,Mini Cooper S,Mini,2013,23062,Petrol,8077
286,Mini Cooper S,Mini,2013,23062,Petrol,8077
287,Tata Indica V2,Tata,2008,1829,Petrol,6835
288,Mini Cooper S,Mini,2013,23062,Petrol,8077
289,Tata Indigo CS,Tata,2009,884,Diesel,28583
290,Maruti Suzuki Swift,Maruti,2019,7439,Petrol,45
291,Mahindra Scorpio VLX,Mahindra,2004,2804,Diesel,99419
292,Honda Accord,Honda,2009,2134,Petrol,36386
293,Mahindra Scorpio S4,Mahindra,2015,10426,Diesel,18641
294,Chevrolet Tavera Neo,Chevrolet,2013,4573,Diesel,34175
295,Ford EcoSport Titanium,Ford,2014,6341,Diesel,35418
296,Maruti Suzuki Ertiga,Maruti,2015,6402,Diesel,31068
297,Honda Amaze,Honda,2014,3658,Petrol,22990
298,Maruti Suzuki Dzire,Maruti,2012,3658,Petrol,24854
299,Honda City,Honda,2011,3475,Petrol,34175
300,Mahindra Scorpio 2.6,Mahindra,2007,2682,Diesel,105633
301,Maruti Suzuki Dzire,Maruti,2014,5182,Diesel,34175
302,Honda City,Honda,2015,7865,Petrol,24233
303,Honda Mobilio,Honda,2014,4878,Petrol,27340
304,Toyota Corolla Altis,Toyota,2009,2439,Petrol,40389
305,Honda City,Honda,2014,7134,Petrol,24233
306,Skoda Laura,Skoda,2012,4268,Diesel,27340
307,Renault Duster,Renault,2015,5487,Diesel,30447
308,Maruti Suzuki Ertiga,Maruti,2018,9756,Diesel,5592
309,Maruti Suzuki Dzire,Maruti,2015,5426,Diesel,27961
310,Mahindra XUV500,Mahindra,2014,7926,Diesel,29204
311,Hyundai Verna Fluidic,Hyundai,2012,5426,Diesel,24854
312,Maruti Suzuki Vitara,Maruti,2016,8414,Diesel,18019
313,Maruti Suzuki Wagon,Maruti,2016,4207,Petrol,9320
314,Mahindra Scorpio,Mahindra,2015,11524,Diesel,27961
315,Honda Amaze,Honda,2014,3353,Petrol,21747
316,Mahindra XUV500,Mahindra,2013,8414,Diesel,49709
317,Mahindra Scorpio,Mahindra,2013,7012,Diesel,42253
318,Skoda Laura,Skoda,2013,4573,Diesel,31068
319,Volkswagen Polo,Volkswagen,2010,2439,Diesel,37282
320,Hyundai Elite i20,Hyundai,2016,6707,Petrol,5592
321,Tata Manza Aura,Tata,2012,1585,Diesel,44738
322,Chevrolet Sail UVA,Chevrolet,2013,2560,Petrol,37282
323,Renault Duster 110,Renault,2012,6109,Diesel,23612
324,Hyundai Verna Fluidic,Hyundai,2013,4890,Diesel,27961
325,Audi A4 2.0,Audi,2012,16463,Diesel,24854
326,Hyundai Elantra SX,Hyundai,2013,7317,Petrol,12427
327,Mahindra Scorpio VLX,Mahindra,2013,7439,Diesel,21747
328,Mahindra KUV100 K8,Mahindra,2016,4878,Diesel,12427
329,Renault Scala RxL,Renault,2015,4573,Diesel,15534
330,Mahindra Quanto C8,Mahindra,2013,4573,Diesel,12427
331,Hyundai Grand i10,Hyundai,2014,4451,Petrol,12427
332,Hyundai i20 Active,Hyundai,2015,6097,Petrol,11184
333,Mahindra Xylo E4,Mahindra,2012,4878,Diesel,21747
334,Hyundai Grand i10,Hyundai,2017,6402,Petrol,4238
335,Hyundai i20,Hyundai,2014,5487,Petrol,14291
336,Hyundai Eon,Hyundai,2014,2134,Petrol,8699
337,Hyundai i10,Hyundai,2012,2987,Petrol,23612
338,Hyundai i20 Active,Hyundai,2015,7012,Diesel,21747
339,Datsun Redi GO,Datsun,2017,2987,Petrol,13670
340,Toyota Etios Liva,Toyota,2011,2926,Petrol,25476
341,Hyundai Accent,Hyundai,2010,1219,Petrol,27961
342,Hyundai Verna,Hyundai,2014,5975,Diesel,27340
343,Maruti Suzuki Swift,Maruti,2013,3963,Diesel,27961
344,Toyota Fortuner,Toyota,2011,13109,Diesel,32311
345,Hyundai i10 Sportz,Hyundai,2012,2804,Petrol,21126
346,Mahindra Bolero Power,Mahindra,2018,8524,Diesel,1118
347,Mahindra XUV500,Mahindra,2015,12195,Diesel,9320
348,Honda City 1.5,Honda,2010,2926,Petrol,248548
349,Chevrolet Spark LT,Chevrolet,2009,1341,Petrol,27340
350,Mahindra Jeep MM,Mahindra,2019,4756,Diesel,37
351,Renault Duster 110PS,Renault,2012,6109,Diesel,21747
352,Mahindra XUV500,Mahindra,2016,13780,Diesel,44738
353,Tata Indigo eCS,Tata,2014,3048,Diesel,24854
354,Mahindra Bolero SLE,Mahindra,2013,4024,Diesel,49833
355,Force Motors Force,Force,2015,7073,Diesel,1988
356,Skoda Rapid Elegance,Skoda,2013,4146,Diesel,29825
357,Tata Vista Quadrajet,Tata,2011,1463,Diesel,55923
358,Maruti Suzuki Alto,Maruti,2015,3231,Petrol,7456
359,Maruti Suzuki SX4,Maruti,2012,3231,Diesel,28583
360,Maruti Suzuki Zen,Maruti,2003,1036,Petrol,43433
361,Mahindra Jeep CL550,Mahindra,2019,4621,Diesel,0
362,Hyundai i10 Magna,Hyundai,2011,2134,Petrol,27961
363,Maruti Suzuki Alto,Maruti,2015,2670,Petrol,3106
364,Maruti Suzuki Swift,Maruti,2016,4268,Diesel,103147
365,Honda City ZX,Honda,2008,1817,Petrol,26097
366,Mahindra Jeep CL550,Mahindra,2018,4695,Diesel,365
367,Mahindra Jeep MM,Mahindra,2006,5182,Diesel,75
368,Chevrolet Beat Diesel,Chevrolet,2017,1829,Diesel,38525
369,Honda City 1.5,Honda,2010,2743,Petrol,43495
370,Hyundai Verna 1.4,Hyundai,2014,4573,Petrol,22369
371,Toyota Innova 2.5,Toyota,2012,9390,Diesel,0
372,Maruti Suzuki Maruti,Maruti,1995,365,Petrol,34175
373,Toyota Etios,Toyota,2011,3353,Diesel,22369
374,Volkswagen Polo,Volkswagen,2015,4024,Diesel,23612
375,Maruti Suzuki Swift,Maruti,2014,4085,Diesel,34175
376,Hyundai Elite i20,Hyundai,2015,5487,Diesel,12427
377,Maruti Suzuki Swift,Maruti,2012,2743,Petrol,24854
378,Maruti Suzuki Versa,Maruti,2004,975,Petrol,31068
379,Tata Indigo LX,Tata,2016,1585,Diesel,64622
380,Volkswagen Vento Konekt,Volkswagen,2011,2987,Diesel,40389
381,Mercedes Benz C,Mercedes,2002,4865,Petrol,25476
382,Maruti Suzuki Ertiga,Maruti,2013,5487,Diesel,55923
383,Honda City,Honda,2000,792,Petrol,49709
384,Hyundai Santro Xing,Hyundai,2006,914,Petrol,28583
385,Maruti Suzuki Omni,Maruti,2001,853,Petrol,43495
386,Hyundai Sonata Transform,Hyundai,2017,2317,Diesel,22660
387,Hyundai Elite i20,Hyundai,2018,7317,Petrol,4846
388,Volkswagen Vento Konekt,Volkswagen,2011,2987,Diesel,40389
389,Maruti Suzuki Alto,Maruti,2017,2926,Petrol,37282
390,Maruti Suzuki Alto,Maruti,2011,1890,Petrol,19883
391,Honda Jazz S,Honda,2009,2073,Petrol,15344
392,Hyundai Grand i10,Hyundai,2017,5487,Petrol,9408
393,Maruti Suzuki Zen,Maruti,2001,487,Petrol,24854
394,Mahindra Scorpio W,Mahindra,2012,2012,Diesel,40389
395,Maruti Suzuki Alto,Maruti,2014,3292,Petrol,13670
396,Hyundai Grand i10,Hyundai,2016,3414,Diesel,37226
397,Mahindra XUV500 W8,Mahindra,2012,6829,Diesel,62137
398,Hyundai Creta 1.6,Hyundai,2016,11585,Petrol,15534
399,Hyundai i20 Magna,Hyundai,2013,3780,Petrol,21747
400,Renault Duster 85,Renault,2015,8719,Diesel,40389
401,Hyundai Grand i10,Hyundai,2014,4146,Petrol,21747
402,Honda Brio V,Honda,2012,2865,Petrol,20505
403,Mahindra TUV300 T4,Mahindra,2017,7439,Diesel,42253
404,Chevrolet Spark LS,Chevrolet,2010,1158,Petrol,14291
405,Mahindra TUV300 T8,Mahindra,2018,12195,Diesel,2796
406,Maruti Suzuki Swift,Maruti,2015,2682,Diesel,80156
407,Nissan X Trail,Nissan,2019,14634,Diesel,186
408,Maruti Suzuki Alto,Maruti,2015,2804,Petrol,3106
409,Ford Ikon 1.3,Ford,2001,548,Petrol,40389
410,Toyota Fortuner 3.0,Toyota,2010,11463,Diesel,81399
411,Tata Manza ELAN,Tata,2010,1897,Petrol,69041
412,Mercedes Benz A,Mercedes,2013,18292,Petrol,8699
413,Chevrolet Beat LS,Chevrolet,2016,2560,Diesel,13670
414,Ford EcoSport Trend,Ford,2013,6036,Diesel,23612
415,Tata Indigo LS,Tata,2016,1524,Diesel,43495
416,Hyundai i20 Magna,Hyundai,2010,2378,Petrol,22369
417,Volkswagen Vento Highline,Volkswagen,2015,6707,Diesel,21126
418,Renault Kwid RXT,Renault,2015,3292,Petrol,26718
419,Ford EcoSport Titanium,Ford,2014,6097,Diesel,24854
420,Honda Amaze 1.5,Honda,2016,2926,Diesel,99419
421,Hyundai Verna 1.6,Hyundai,2017,9756,Petrol,7456
422,BMW 5 Series,BMW,2011,15841,Diesel,30447
423,Skoda Superb 1.8,Skoda,2011,6463,Petrol,42253
424,Audi Q3 2.0,Audi,2013,18280,Diesel,22990
425,Mahindra Bolero DI,Mahindra,2012,2682,Diesel,36950
426,Mahindra Scorpio S10,Mahindra,2015,10975,Diesel,60397
427,Ford Figo Duratorq,Ford,2012,3048,Diesel,61515
428,Maruti Suzuki Wagon,Maruti,2018,4817,Petrol,15844
429,Mahindra Logan Diesel,Mahindra,2009,1585,Petrol,41010
430,Tata Nano GenX,Tata,2010,390,Petrol,27343
431,Mahindra TUV300 T4,Mahindra,2016,6585,Diesel,21747
432,Mahindra TUV300 T4,Mahindra,2016,6585,Diesel,21747
433,Hyundai Elite i20,Hyundai,2015,4939,Petrol,17398
434,Hyundai Elite i20,Hyundai,2015,4878,Petrol,18641
435,Honda City SV,Honda,2017,9268,Petrol,2485
436,Maruti Suzuki Baleno,Maruti,2016,6097,Petrol,17398
437,Ford Figo Petrol,Ford,2011,2134,Petrol,46602
438,Mahindra Scorpio S10,Mahindra,2015,10975,Diesel,60397
439,Honda City,Honda,2017,9146,Petrol,1864
440,Hyundai Elite i20,Hyundai,2015,5109,Petrol,12427
441,Maruti Suzuki Versa,Maruti,2004,1097,Petrol,31068
442,Hyundai Eon Era,Hyundai,2018,1707,Petrol,1311
443,Mitsubishi Pajero Sport,Mitsubishi,2015,18780,Petrol,26856
444,Hyundai i10 Magna,Hyundai,2008,3353,Petrol,62261
445,Toyota Corolla H2,Toyota,2003,1829,Petrol,62137
446,Maruti Suzuki Swift,Maruti,2011,2804,Petrol,40
447,Tata Indigo CS,Tata,2015,1500,Diesel,62137
448,Mahindra Scorpio S10,Mahindra,2015,10975,Diesel,60397
449,Mahindra Scorpio S10,Mahindra,2015,10975,Diesel,60397
450,Hyundai Xcent Base,Hyundai,2016,3658,Diesel,86991
451,Honda City,Honda,2015,6097,Petrol,34175
452,Hyundai Accent Executive,Hyundai,2009,2012,Petrol,29825
453,Maruti Suzuki Baleno,Maruti,2016,6073,Petrol,13670
454,Tata Zest XE,Tata,2018,5853,Diesel,64344
455,Maruti Suzuki Dzire,Maruti,2017,5951,Diesel,49709
456,Tata Sumo Gold,Tata,2014,3048,Diesel,61515
457,Toyota Corolla Altis,Toyota,2010,2682,Petrol,36039
458,Maruti Suzuki Eeco,Maruti,2013,3536,LPG,43495
459,Toyota Fortuner 3.0,Toyota,2015,18597,Diesel,74564
460,Mahindra XUV500 W6,Mahindra,2013,6693,Diesel,30944
461,Tata Tigor Revotron,Tata,2019,7926,Diesel,62
462,Maruti Suzuki 800,Maruti,2001,670,Petrol,50875
463,Maruti Suzuki Ertiga,Maruti,2015,6707,Petrol,46602
464,Maruti Suzuki Versa,Maruti,2004,1097,Petrol,31068
465,Honda Mobilio S,Honda,2014,4865,Diesel,27340
466,Maruti Suzuki Ertiga,Maruti,2016,8902,Diesel,34175
467,Maruti Suzuki Vitara,Maruti,2017,8841,Diesel,22369
468,Hyundai Verna 1.6,Hyundai,2016,2378,Diesel,34796
469,Maruti Suzuki Swift,Maruti,2007,1585,Petrol,38525
470,Toyota Fortuner 3.0,Toyota,2015,18597,Diesel,74564
471,Maruti Suzuki Omni,Maruti,2014,2317,Petrol,3740
472,Honda Amaze,Honda,2013,3048,Diesel,34610
473,Tata Indica,Tata,2005,975,Petrol,26097
474,Hyundai Santro Xing,Hyundai,2003,1463,Petrol,31068
475,Maruti Suzuki Zen,Maruti,2010,1817,Petrol,21747
476,Maruti Suzuki Wagon,Maruti,2014,3048,Petrol,11495
477,Maruti Suzuki Wagon,Maruti,2007,1463,Petrol,4349
478,Honda Brio VX,Honda,2017,5487,Petrol,6835
479,Maruti Suzuki Zen,Maruti,2003,1219,Petrol,32932
480,Maruti Suzuki Zen,Maruti,2008,1646,Petrol,14291
481,Maruti Suzuki Wagon,Maruti,2016,2743,Diesel,22058
482,Maruti Suzuki Alto,Maruti,2010,1207,Petrol,13753
483,Renault Kwid RXT,Renault,2019,4512,Petrol,621
484,Tata Nano Lx,Tata,2010,634,Petrol,5592
485,Jaguar XE XE,Jaguar,2016,34146,Petrol,5281
486,Hyundai Eon Magna,Hyundai,2014,2317,Petrol,21747
487,Honda City 1.5,Honda,2014,6085,Petrol,13670
488,Hindustan Motors Ambassador,Hindustan,2002,1097,Diesel,15534
489,Maruti Suzuki Ritz,Maruti,2010,1817,Petrol,24854
490,Hyundai Grand i10,Hyundai,2017,4878,Petrol,12427
491,Hyundai Eon D,Hyundai,2016,1463,Petrol,54059
492,Maruti Suzuki Swift,Maruti,2015,3048,Petrol,34175
493,Maruti Suzuki Wagon,Maruti,2017,4573,Petrol,14291
494,Honda Amaze 1.2,Honda,2014,4646,Petrol,3728
495,Maruti Suzuki Estilo,Maruti,2013,2195,Petrol,40389
496,Maruti Suzuki Vitara,Maruti,2016,7073,Diesel,15534
497,Maruti Suzuki Eeco,Maruti,2015,3390,Petrol,24233
498,Hyundai Creta 1.6,Hyundai,2016,12195,Petrol,4970
499,Mahindra Scorpio Vlx,Mahindra,2013,8414,Diesel,46602
500,Maruti Suzuki Ertiga,Maruti,2012,5853,Diesel,31689
501,Mitsubishi Lancer 1.8,Mitsubishi,2006,1036,Petrol,31068
502,Maruti Suzuki Maruti,Maruti,2001,487,Petrol,46602
503,Maruti Suzuki Alto,Maruti,2015,1097,Petrol,34672
504,Hyundai Grand i10,Hyundai,2015,4146,Petrol,32932
505,Hyundai Eon D,Hyundai,2018,3170,Petrol,15534
506,Ford Fiesta SXi,Ford,2009,3048,Petrol,35045
507,Maruti Suzuki Ritz,Maruti,2010,2195,Diesel,44838
508,Hyundai Verna Fluidic,Hyundai,2012,4268,Diesel,6213
509,Maruti Suzuki Wagon,Maruti,2006,1097,Petrol,29825
510,Maruti Suzuki Estilo,Maruti,2007,1402,Petrol,22369
511,Audi A6 2.0,Audi,2012,19500,Diesel,7145
512,Maruti Suzuki Wagon,Maruti,2003,1585,Petrol,82642
513,Maruti Suzuki Wagon,Maruti,2009,1939,Petrol,16777
514,Maruti Suzuki Wagon,Maruti,2009,1951,Petrol,21747
515,Maruti Suzuki Alto,Maruti,2010,1341,Petrol,34175
516,Maruti Suzuki Baleno,Maruti,2016,5182,Petrol,24854
517,Hyundai Verna 1.6,Hyundai,2019,10975,Petrol,1242
518,Maruti Suzuki Swift,Maruti,2009,1829,Petrol,27961
519,Hyundai Getz Prime,Hyundai,2009,1341,Petrol,12427
520,Hyundai Santro,Hyundai,2000,634,Petrol,54680
521,Hyundai Getz Prime,Hyundai,2009,1402,Petrol,12427
522,Chevrolet Beat PS,Chevrolet,2012,2621,Diesel,40651
523,Ford EcoSport Trend,Ford,2017,7073,Petrol,6213
524,Maruti Suzuki Dzire,Maruti,2013,4634,Petrol,21747
525,Hyundai Fluidic Verna,Hyundai,2013,4268,Diesel,72700
526,Tata Indica V2,Tata,2005,426,Diesel,93205
527,BMW X1 xDrive20d,BMW,2011,14024,Diesel,44738
528,Hyundai i20 Asta,Hyundai,2010,3658,Petrol,6679
529,Honda City 1.5,Honda,2009,3280,Petrol,34175
530,Tata Nano,Tata,2013,731,Petrol,4225
531,Chevrolet Cruze LTZ,Chevrolet,2014,4878,Diesel,25476
532,Hyundai Verna Fluidic,Hyundai,2015,5243,Diesel,45360
533,Maruti Suzuki Swift,Maruti,2011,1707,Diesel,40389
534,Mahindra XUV500 W6,Mahindra,2014,103658,Diesel,27961
535,Mahindra XUV500 W10,Mahindra,2018,15841,Diesel,24854
536,Maruti Suzuki Alto,Maruti,2014,2426,Petrol,22990
537,Hyundai Accent GLE,Hyundai,2006,1097,Petrol,34175
538,Force Motors One,Force,2013,6707,Diesel,86991
539,Maruti Suzuki Alto,Maruti,2019,3231,Petrol,6089
540,Chevrolet Spark 1.0,Chevrolet,2011,1219,Petrol,16777
541,Hyundai i10,Hyundai,2009,2621,Petrol,16777
542,Toyota Etios Liva,Toyota,2012,4634,Diesel,12427
543,Renault Duster 85PS,Renault,2013,4901,Diesel,35991
544,Chevrolet Enjoy,Chevrolet,2014,5975,Diesel,18766
545,Maruti Suzuki Alto,Maruti,2017,3414,Petrol,3852
546,BMW 5 Series,BMW,2009,7926,Petrol,23312
547,Toyota Etios Liva,Toyota,2014,1951,Petrol,15318
548,Mahindra Jeep MM,Mahindra,2004,5170,Diesel,237
549,Chevrolet Beat LS,Chevrolet,2016,2743,Diesel,59030
550,Chevrolet Cruze LTZ,Chevrolet,2011,4268,Diesel,21747
551,Jeep Wrangler Unlimited,Jeep,2015,11585,Diesel,2192
552,Maruti Suzuki Ertiga,Maruti,2013,5914,Diesel,32621
553,Hyundai Verna VGT,Hyundai,2010,2500,Diesel,29763
554,Maruti Suzuki Omni,Maruti,2012,1951,Petrol,8699
555,Maruti Suzuki Celerio,Maruti,2018,3780,Petrol,22990
556,Tata Zest Quadrajet,Tata,2017,2195,Diesel,55923
557,Mahindra XUV500 W6,Mahindra,2013,6706,Diesel,32808
558,Tata Indigo CS,Tata,2016,1829,Diesel,64622
559,Hyundai i10 Era,Hyundai,2011,2134,Petrol,18641
560,Tata Indigo eCS,Tata,2014,1158,Diesel,121167
561,Tata Indigo LX,Tata,2016,2804,Diesel,64622
562,Tata Indigo eCS,Tata,2016,2804,Diesel,64622
563,Tata Indigo Marina,Tata,2004,2195,Diesel,43495
564,Hyundai Xcent SX,Hyundai,2015,4878,Diesel,26718
565,Hyundai Eon Magna,Hyundai,2013,2256,Petrol,14291
566,Renault Duster 85,Renault,2015,4695,Diesel,31689
567,Maruti Suzuki Alto,Maruti,2009,1097,Petrol,38525
568,Tata Nano LX,Tata,2010,390,Petrol,29830
569,Renault Duster 110,Renault,2013,5304,Diesel,24233
570,Maruti Suzuki Wagon,Maruti,2010,2743,Petrol,24854
571,Maruti Suzuki Swift,Maruti,2006,2313,Petrol,29979
572,Maruti Suzuki Ertiga,Maruti,2012,4752,Diesel,24233
573,Maruti Suzuki Swift,Maruti,2014,4451,Petrol,14291
574,Maruti Suzuki Alto,Maruti,2017,4390,Petrol,5840
575,Hyundai i20 Magna,Hyundai,2010,2560,Petrol,31068
576,Hyundai i10 Magna,Hyundai,2009,2073,Petrol,46602
577,Tata Zest XE,Tata,2017,4634,Diesel,43495
578,Mahindra Xylo E8,Mahindra,2009,3597,Diesel,39767
579,Toyota Corolla Altis,Toyota,2010,2256,Petrol,34175
580,Tata Manza Aqua,Tata,2014,1951,Diesel,124274
581,Renault Kwid 1.0,Renault,2018,3536,Petrol,1327
582,Tata Venture EX,Tata,2013,1219,Diesel,18641
583,Maruti Suzuki Swift,Maruti,2014,3841,Petrol,27340
584,Skoda Octavia Classic,Skoda,2006,1402,Diesel,40389
585,Maruti Suzuki Omni,Maruti,2012,1463,LPG,99419
586,Chevrolet Beat Diesel,Chevrolet,2011,1524,Diesel,34796
587,Tata Sumo Gold,Tata,2012,2560,Diesel,46602
588,Hyundai Verna 1.6,Hyundai,2018,10426,Diesel,26097
589,Tata Sumo Gold,Tata,2012,2560,Diesel,46602
590,Mahindra Scorpio 2.6,Mahindra,2007,3170,Diesel,34796
591,Maruti Suzuki Zen,Maruti,2002,1158,Petrol,6551
592,Maruti Suzuki Swift,Maruti,2011,3109,Petrol,39767
593,Mahindra Scorpio SLX,Mahindra,2008,3658,Diesel,43495
594,Hyundai Grand i10,Hyundai,2014,4146,Petrol,15534
595,Hyundai Elite i20,Hyundai,2017,6707,Petrol,9320
596,Ford Ikon 1.6,Ford,2003,731,Petrol,31068
597,Toyota Innova 2.5,Toyota,2011,9146,Diesel,91341
598,Nissan Sunny XL,Nissan,2011,2804,Petrol,32311
599,Chevrolet Beat LT,Chevrolet,2012,1585,Diesel,55924
600,Maruti Suzuki Alto,Maruti,2017,3292,Petrol,13048
601,Maruti Suzuki Swift,Maruti,2012,3414,Diesel,29829
602,Maruti Suzuki Swift,Maruti,2012,3414,Diesel,29829
603,Maruti Suzuki Swift,Maruti,2012,3414,Diesel,29829
604,Toyota Innova 2.0,Toyota,2012,7317,Diesel,49709
605,Maruti Suzuki Swift,Maruti,2010,2317,Diesel,45981
606,Hyundai Elite i20,Hyundai,2015,6097,Petrol,13670
607,Mahindra XUV500 W10,Mahindra,2016,12987,Diesel,25476
608,Volkswagen Polo Trendline,Volkswagen,2015,4268,Diesel,15534
609,Toyota Etios Liva,Toyota,2012,4268,Diesel,52816
610,Mahindra TUV300 T4,Mahindra,2016,6585,Diesel,18330
611,Hyundai Elite i20,Hyundai,2015,5731,Petrol,18641
612,Hyundai Santro Xing,Hyundai,2014,2182,Petrol,35418
613,Maruti Suzuki Zen,Maruti,2003,585,Petrol,37282
614,Maruti Suzuki Ciaz,Maruti,2016,7926,Petrol,31068
615,Hyundai Eon Era,Hyundai,2013,2317,Petrol,24668
616,Hyundai Elantra 1.8,Hyundai,2012,6097,Petrol,40389
617,Maruti Suzuki Swift,Maruti,2010,3292,Diesel,41631
618,Maruti Suzuki Zen,Maruti,2008,1524,Petrol,28583
619,Hyundai Eon Era,Hyundai,2012,2292,Petrol,23612
620,Hyundai Grand i10,Hyundai,2016,4634,Petrol,16777
621,Hyundai Verna Fluidic,Hyundai,2011,4451,Diesel,26718
622,Ford EcoSport Trend,Ford,2014,5670,Petrol,29204
623,Hyundai i20 Magna,Hyundai,2011,2926,Petrol,26097
624,Chevrolet Beat Diesel,Chevrolet,2016,2195,Diesel,12014
625,Tata Indica eV2,Tata,2015,1707,Diesel,37347
626,Jaguar XF 2.2,Jaguar,2013,26707,Diesel,18019
627,Audi Q5 2.0,Audi,2014,29146,Diesel,21126
628,BMW 3 Series,BMW,2011,13109,Diesel,21747
629,Maruti Suzuki Swift,Maruti,2015,5792,Petrol,13670
630,BMW X1 sDrive20d,BMW,2012,12500,Diesel,25476
631,Maruti Suzuki S,Maruti,2016,7500,Diesel,13048
632,Maruti Suzuki Ertiga,Maruti,2013,5792,Diesel,29825
633,Maruti Suzuki Alto,Maruti,2016,3292,Petrol,23612
634,Honda City SV,Honda,2014,5792,Diesel,21126
635,Volkswagen Vento Comfortline,Volkswagen,2011,2926,Petrol,28541
636,Honda City 1.5,Honda,2005,1463,Petrol,42253
637,Audi A4 2.0,Audi,2016,23170,Diesel,27340
638,Mahindra KUV100,Mahindra,2017,4390,Diesel,21747
639,Tata Zest XE,Tata,2018,5487,Diesel,63729
640,Mahindra XUV500 W8,Mahindra,2015,10975,Diesel,17771
641,Maruti Suzuki Swift,Maruti,2017,7926,Diesel,25973
642,Tata Sumo Gold,Tata,2014,3353,Diesel,72079
643,Maruti Suzuki Swift,Maruti,2009,2560,Petrol,36660
644,Mahindra Scorpio 2.6,Mahindra,2004,2134,Diesel,36039
645,Maruti Suzuki Omni,Maruti,2009,1036,Petrol,27961
646,Mitsubishi Pajero Sport,Mitsubishi,2015,18170,Diesel,26464
647,Renault Duster,Renault,2014,9756,Diesel,4598
648,Volkswagen Jetta Comfortline,Volkswagen,2009,5487,Diesel,33864
649,Maruti Suzuki Ertiga,Maruti,2012,12195,Diesel,124274
650,Audi A4 2.0,Audi,2013,18414,Diesel,16777
651,Volvo S80 Summum,Volvo,2015,22560,Diesel,26097
652,Toyota Corolla Altis,Toyota,2014,9634,Petrol,18019
653,Mitsubishi Pajero Sport,Mitsubishi,2015,21036,Diesel,22990
654,Chevrolet Beat LT,Chevrolet,2012,1646,Petrol,22369
655,BMW X1,BMW,2011,12195,Diesel,21126
656,Datsun Redi GO,Datsun,2018,3658,Petrol,4349
657,Mercedes Benz C,Mercedes,2009,14939,Diesel,47224
658,Mahindra Scorpio SLX,Mahindra,2004,2134,Diesel,37282
659,Volkswagen Vento Comfortline,Volkswagen,2011,2439,Diesel,59030
660,Tata Indigo CS,Tata,2017,3292,Diesel,31068
661,Ford Figo Petrol,Ford,2019,6402,Petrol,0
662,Honda City ZX,Honda,2006,2195,Petrol,31068
663,Maruti Suzuki Wagon,Maruti,2008,1707,Petrol,42253
664,Ford EcoSport Trend,Ford,2014,4878,Petrol,9941
665,Maruti Suzuki Swift,Maruti,2016,6085,Diesel,31689
666,Maruti Suzuki Omni,Maruti,2009,1036,Petrol,34796
667,Maruti Suzuki Zen,Maruti,2004,853,Petrol,62137
668,Renault Duster RxL,Renault,2015,6707,Petrol,22369
669,Maruti Suzuki Swift,Maruti,2014,4512,Petrol,7160
670,Maruti Suzuki Baleno,Maruti,2018,8414,Petrol,621
671,Honda WR V,Honda,2009,3048,Petrol,37282
672,Tata Indigo CS,Tata,2016,1341,Diesel,52816
673,Renault Duster 110,Renault,2013,5975,Diesel,23984
674,Mahindra Scorpio LX,Mahindra,2009,3902,Diesel,59340
675,Maruti Suzuki Zen,Maruti,2004,829,Petrol,34796
676,Maruti Suzuki Wagon,Maruti,2014,1585,Petrol,23275
677,Maruti Suzuki SX4,Maruti,2016,11829,Diesel,53413
678,Audi A3 Cabriolet,Audi,2015,37804,Petrol,7777
679,Hyundai Eon D,Hyundai,2018,3414,Petrol,21747
680,Maruti Suzuki Zen,Maruti,2009,1524,Petrol,0
681,Mahindra Scorpio SLX,Mahindra,2008,3475,Diesel,49709
682,Hyundai Santro AE,Hyundai,2011,2012,Petrol,27961
683,Maruti Suzuki Swift,Maruti,2009,3048,Diesel,31689
684,Mahindra Scorpio S4,Mahindra,2015,10548,Diesel,18641
685,Mahindra Xylo D2,Mahindra,2011,4756,Diesel,29825
686,Hyundai Santro,Hyundai,2003,731,Petrol,31689
687,Chevrolet Beat LT,Chevrolet,2015,2621,Diesel,55923
688,Maruti Suzuki Swift,Maruti,2015,5792,Diesel,26718
689,Mahindra XUV500 W8,Mahindra,2015,10963,Diesel,32932
690,Toyota Fortuner 3.0,Toyota,2013,18280,Diesel,60272
691,Maruti Suzuki Alto,Maruti,2013,2926,Petrol,12427
692,Hyundai Getz GLE,Hyundai,2007,1207,Petrol,34175
693,Maruti Suzuki Swift,Maruti,2014,3170,Diesel,74564
694,Hyundai Creta 1.6,Hyundai,2019,14634,Petrol,0
695,Hyundai Santro Xing,Hyundai,2007,1402,Petrol,28583
696,Hyundai Santro Xing,Hyundai,2009,1073,Petrol,26843
697,Mahindra Xylo D2,Mahindra,2011,4756,Diesel,34796
698,Hyundai Santro Xing,Hyundai,2007,1646,Petrol,26097
699,Tata Indica V2,Tata,2009,1097,Diesel,19013
700,Hyundai i10 Sportz,Hyundai,2011,2682,Petrol,23612
701,Hyundai Grand i10,Hyundai,2017,5182,Petrol,1584
702,Hyundai Santro Xing,Hyundai,2007,1646,Petrol,29204
703,Honda City 1.5,Honda,2005,1158,Petrol,25476
704,Nissan Micra XL,Nissan,2017,5243,Diesel,38835
705,Honda City 1.5,Honda,2005,1402,Petrol,42253
706,Maruti Suzuki Alto,Maruti,2015,2621,Petrol,31068
707,Maruti Suzuki Wagon,Maruti,2004,646,Petrol,42874
708,Maruti Suzuki Ertiga,Maruti,2012,6097,Diesel,29825
709,Tata Indica eV2,Tata,2012,1036,Diesel,34175
710,Maruti Suzuki Omni,Maruti,2013,2012,Petrol,15534
711,Hyundai Eon Era,Hyundai,2014,2439,Petrol,17646
712,Hyundai Eon,Hyundai,2014,2439,Petrol,17398
713,Maruti Suzuki Swift,Maruti,2015,5182,Diesel,26097
714,Hyundai Verna 1.6,Hyundai,2012,7317,Diesel,18019
715,Chevrolet Tavera LS,Chevrolet,2005,1585,Diesel,42554
716,Tata Tiago Revotron,Tata,2018,5243,Petrol,2174
717,Tata Tiago Revotorq,Tata,2019,6932,Petrol,0
718,Maruti Suzuki Zen,Maruti,2006,865,Petrol,19883
719,Mahindra KUV100 K8,Mahindra,2018,6829,Diesel,4970
720,Ford EcoSport Titanium,Ford,2014,7195,Diesel,21126
721,Hindustan Motors Ambassador,Hindustan,1995,9146,Petrol,22990
722,Ford Fusion 1.4,Ford,2007,1524,Diesel,53099
723,Hyundai Santro Xing,Hyundai,2007,1646,Petrol,28583
724,Hyundai Santro,Hyundai,2002,731,Petrol,29204
725,Fiat Linea Emotion,Fiat,2009,1463,Petrol,39767
726,Ford Ikon 1.3,Ford,2008,1158,Petrol,28583
727,Maruti Suzuki Omni,Maruti,2017,2926,Petrol,4970
728,Tata Indica V2,Tata,2012,1402,Diesel,39767
729,Mahindra Scorpio S4,Mahindra,2015,9695,Diesel,39146
730,Hyundai Santro Xing,Hyundai,2007,670,Petrol,40389
731,Mahindra Xylo D2,Mahindra,2009,3658,Diesel,38525
732,Hyundai Grand i10,Hyundai,2014,3902,Petrol,25476
733,Maruti Suzuki Alto,Maruti,2015,3231,Petrol,8699
734,Toyota Corolla,Toyota,2006,1951,Petrol,24854
735,Hyundai Eon Magna,Hyundai,2017,3658,Petrol,994
736,Tata Sumo Grande,Tata,2010,1585,Diesel,55923
737,Maruti Suzuki Swift,Maruti,2011,3048,Diesel,36039
738,Volkswagen Polo Highline1.2L,Volkswagen,2013,4634,Petrol,16777
739,Maruti Suzuki Alto,Maruti,2003,512,Petrol,37282
740,Tata Tiago Revotron,Tata,2017,4878,Petrol,19262
741,Maruti Suzuki Swift,Maruti,2009,1463,Diesel,55923
742,Maruti Suzuki Swift,Maruti,2009,1463,Diesel,55923
743,Tata Indigo eCS,Tata,2016,1585,Diesel,93205
744,Chevrolet Beat LS,Chevrolet,2014,2304,Diesel,19262
745,Mahindra Xylo E8,Mahindra,2011,4451,Diesel,26718
746,Hyundai Eon D,Hyundai,2013,2073,Petrol,12427
747,Tata Sumo Gold,Tata,2013,2621,Petrol,62137
748,Tata Nano,Tata,2013,731,Petrol,4349
749,Hyundai Elite i20,Hyundai,2017,7317,Petrol,19262
750,Hyundai i10 Magna,Hyundai,2009,4878,Petrol,20505
751,Hyundai Creta,Hyundai,2016,10975,Diesel,37282
752,Volkswagen Polo,Volkswagen,2013,3658,Diesel,29825
753,Maruti Suzuki Dzire,Maruti,2014,4573,Petrol,20505
754,Tata Bolt XM,Tata,2015,7317,Petrol,9320
755,Maruti Suzuki Alto,Maruti,2005,853,Petrol,29204
756,Maruti Suzuki Alto,Maruti,2005,1219,Petrol,24854
757,Maruti Suzuki Ritz,Maruti,2010,1829,Diesel,23612
758,Maruti Suzuki Alto,Maruti,2017,2743,Petrol,7767
759,Maruti Suzuki Dzire,Maruti,2009,2560,Petrol,26097
760,Hyundai i20 Asta,Hyundai,2014,5182,Petrol,19262
761,Maruti Suzuki Swift,Maruti,2008,1975,Diesel,37282
762,Tata Indica V2,Tata,2005,731,Diesel,49709
763,Mahindra Scorpio VLX,Mahindra,2014,7926,Diesel,47845
764,Toyota Innova 2.5,Toyota,2012,9146,Diesel,46602
765,Mahindra Xylo E8,Mahindra,2010,4573,Diesel,24854
766,Hyundai i20 Magna,Hyundai,2011,2804,Petrol,29204
767,Maruti Suzuki Omni,Maruti,2000,439,Petrol,37282
768,Mahindra KUV100,Mahindra,2016,4634,Petrol,16466
769,Mahindra KUV100 K8,Mahindra,2019,6829,Petrol,1786
770,Datsun Go Plus,Datsun,2016,3475,Petrol,8637
771,Ford Endeavor 4x4,Ford,2019,35365,Diesel,5592
772,Tata Indica V2,Tata,2005,487,Diesel,49709
773,Hyundai Santro Xing,Hyundai,2006,1036,Petrol,37282
774,Maruti Suzuki Wagon,Maruti,2016,4817,Petrol,12427
775,Maruti Suzuki Swift,Maruti,2008,2134,Diesel,36039
776,Maruti Suzuki Alto,Maruti,2019,4878,Petrol,932
777,Toyota Innova 2.5,Toyota,2011,9146,Diesel,46602
778,Maruti Suzuki Alto,Maruti,2016,3048,Petrol,1522
779,Maruti Suzuki Alto,Maruti,2019,5182,Petrol,1009
780,Volkswagen Polo Highline1.2L,Volkswagen,2017,6402,Petrol,27961
781,Mahindra Logan,Mahindra,2009,1585,Diesel,40389
782,Maruti Suzuki 800,Maruti,2000,365,Petrol,20753
783,Mahindra Scorpio,Mahindra,2011,5792,Diesel,37358
784,Chevrolet Sail 1.2,Chevrolet,2013,3658,Petrol,17398
785,Hyundai Santro AE,Hyundai,2003,731,Petrol,43495
786,Maruti Suzuki Wagon,Maruti,2006,1219,Petrol,4349
787,Hyundai Eon,Hyundai,2018,3170,Petrol,15534
788,Tata Manza,Tata,2015,1219,Diesel,62137
789,Toyota Etios G,Toyota,2013,3231,Petrol,26097
790,Hyundai Getz Prime,Hyundai,2009,1402,Petrol,12427
791,Toyota Qualis,Toyota,2003,2195,Diesel,62137
792,Hyundai Santro Xing,Hyundai,2004,548,Petrol,85435
793,Tata Indica eV2,Tata,2016,615,Diesel,56669
794,Honda City 1.5,Honda,2009,3292,Petrol,34175
795,Tata Zest XE,Tata,2017,3536,Diesel,74564
796,Mahindra Quanto C4,Mahindra,2013,3963,Diesel,39146
797,Tata Indigo eCS,Tata,2016,1951,Diesel,64622
798,Maruti Suzuki Swift,Maruti,2016,4268,Diesel,90720
799,Hyundai Elite i20,Hyundai,2011,3536,Petrol,24854
800,Hyundai i20 Select,Hyundai,2011,3536,Petrol,24854
801,Chevrolet Tavera Neo,Chevrolet,2007,5670,Diesel,62634
802,Maruti Suzuki Dzire,Maruti,2016,3963,Diesel,93205
803,Hyundai Elite i20,Hyundai,2018,6219,Petrol,1304
804,Honda City VX,Honda,2016,10487,Petrol,59030
805,Maruti Suzuki Dzire,Maruti,2016,5487,Diesel,1553
806,Hyundai Getz,Hyundai,2006,1524,Petrol,49709
807,Mercedes Benz C,Mercedes,2006,6097,Petrol,9320
808,Maruti Suzuki Alto,Maruti,2005,1158,Petrol,40389
809,Maruti Suzuki Swift,Maruti,2009,3048,Diesel,31689
810,Skoda Fabia,Skoda,2009,1341,Petrol,27961
811,Maruti Suzuki Ritz,Maruti,2011,3292,Petrol,31068
812,Tata Indica V2,Tata,2009,1341,Diesel,18641
813,Toyota Corolla Altis,Toyota,2009,3658,Petrol,82020
814,Tata Zest XM,Tata,2018,3170,Diesel,16777
815,Mahindra Quanto C8,Mahindra,2013,4756,Diesel,24854
